<?xml version="1.0" encoding="UTF-8"?><ns3:FatturaElettronica versione="FPR12" xmlns:ns2="http://www.w3.org/2000/09/xmldsig#" xmlns:ns3="http://ivaservizi.agenziaentrate.gov.it/docs/xsd/fatture/v1.2">
    <FatturaElettronicaHeader>
        <DatiTrasmissione>
            <IdTrasmittente>
                <IdPaese>IT</IdPaese>
                <IdCodice>08973230967</IdCodice>
            </IdTrasmittente>
            <ProgressivoInvio>1Sbid</ProgressivoInvio>
            <FormatoTrasmissione>FPR12</FormatoTrasmissione>
            <CodiceDestinatario>0000000</CodiceDestinatario>
        </DatiTrasmissione>
        <CedentePrestatore>
            <DatiAnagrafici>
                <IdFiscaleIVA>
                    <IdPaese>IT</IdPaese>
                    <IdCodice>08973230967</IdCodice>
                </IdFiscaleIVA>
                <Anagrafica>
                    <Denominazione>Amazon EU S.à r.l., Succursale Italiana</Denominazione>
                </Anagrafica>
                <RegimeFiscale>RF01</RegimeFiscale>
            </DatiAnagrafici>
            <Sede>
                <Indirizzo>38 avenue John F. Kennedy</Indirizzo>
                <CAP>01855</CAP>
                <Comune>Luxemburgo</Comune>
                <Nazione>LU</Nazione>
            </Sede>
            <StabileOrganizzazione>
                <Indirizzo>Viale Monte Grappa 3/5</Indirizzo>
                <CAP>20124</CAP>
                <Comune>Milano</Comune>
                <Nazione>IT</Nazione>
            </StabileOrganizzazione>
        </CedentePrestatore>
        <CessionarioCommittente>
            <DatiAnagrafici>
                <IdFiscaleIVA>
                    <IdPaese>IT</IdPaese>
                    <IdCodice>03562001200</IdCodice>
                </IdFiscaleIVA>
                <Anagrafica>
                    <Denominazione>Cubbit srl</Denominazione>
                </Anagrafica>
            </DatiAnagrafici>
            <Sede>
                <Indirizzo>Via della Zecca 1</Indirizzo>
                <CAP>40121</CAP>
                <Comune>Bologna</Comune>
                <Nazione>IT</Nazione>
            </Sede>
        </CessionarioCommittente>
    </FatturaElettronicaHeader>
    <FatturaElettronicaBody>
        <DatiGenerali>
            <DatiGeneraliDocumento>
                <TipoDocumento>TD04</TipoDocumento>
                <Divisa>EUR</Divisa>
                <Data>2019-10-24</Data>
                <Numero>IT19-AEUC-215197</Numero>
                <ImportoTotaleDocumento>90.00</ImportoTotaleDocumento>
                <Arrotondamento>0.00</Arrotondamento>
            </DatiGeneraliDocumento>
            <DatiContratto>
                <RiferimentoNumeroLinea>1</RiferimentoNumeroLinea>
                <IdDocumento>403-6434245-6817949</IdDocumento>
                <Data>2019-10-14</Data>
            </DatiContratto>
            <FatturaPrincipale>
                <NumeroFatturaPrincipale>IT19-AEUC-215197</NumeroFatturaPrincipale>
                <DataFatturaPrincipale>2019-10-24</DataFatturaPrincipale>
            </FatturaPrincipale>
        </DatiGenerali>
        <DatiBeniServizi>
            <DettaglioLinee>
                <NumeroLinea>1</NumeroLinea>
                <Descrizione>Samsung Monitor S24D330 Monitor 24'' Full HD, 1920 x 1080, 60 Hz, 1 ms, Game Mode, D-sub, Cavo HDMI Incluso, Nero</Descrizione>
                <Quantita>1.00</Quantita>
                <DataInizioPeriodo>2019-10-24</DataInizioPeriodo>
                <DataFinePeriodo>2019-10-24</DataFinePeriodo>
                <PrezzoUnitario>73.77</PrezzoUnitario>
                <PrezzoTotale>73.77</PrezzoTotale>
                <AliquotaIVA>22.00</AliquotaIVA>
            </DettaglioLinee>
            <DatiRiepilogo>
                <AliquotaIVA>22.00</AliquotaIVA>
                <Arrotondamento>0.00</Arrotondamento>
                <ImponibileImporto>73.77</ImponibileImporto>
                <Imposta>16.23</Imposta>
            </DatiRiepilogo>
        </DatiBeniServizi>
        <DatiPagamento>
            <CondizioniPagamento>TP02</CondizioniPagamento>
            <DettaglioPagamento>
                <ModalitaPagamento>MP08</ModalitaPagamento>
                <ImportoPagamento>90.00</ImportoPagamento>
            </DettaglioPagamento>
        </DatiPagamento>
    </FatturaElettronicaBody>
</ns3:FatturaElettronica>